<?xml version="1.0" encoding="utf-8"?>
<resources>

    <string name="app_name">Minesweeper</string>
    <string name="action_settings">Settings</string>
    <string name="start_game">Start</string>
    <string name="settings">Settings</string>
    <string name="achievements">Achievements</string>
    <string name="game_won">You Won!</string>
    <string name="game_loss">You Lost…</string>
    <string name="title_activity_minesweeper_game">MinesweeperGame</string>
    <string name="hello_world">Hello world!</string>

</resources>
